county,month_num,month,2024,2025
bastrop,1,January,4602.0,5172.0
bastrop,2,February,4596.0,5206.0
bastrop,3,March,4609.0,5177.0
bastrop,4,April,4616.0,5157.0
bastrop,5,May,4610.0,5138.0
bastrop,6,June,4648.0,5064.0
bastrop,7,July,4664.0,5131.0
bastrop,8,August,4836.0,5137.0
bastrop,9,September,5008.0,5143.0
bastrop,10,October,5119.0,5060.5
bastrop,11,November,5230.0,4978.0
bastrop,12,December,5191.0,4905.0
bell,1,January,19177.0,21938.0
bell,2,February,19045.0,21981.0
bell,3,March,19115.0,21956.0
bell,4,April,19144.0,21979.0
bell,5,May,19174.0,21878.0
bell,6,June,19385.0,21732.0
bell,7,July,19648.0,21922.0
bell,8,August,20323.5,22153.0
bell,9,September,20999.0,22384.0
bell,10,October,21448.5,22095.0
bell,11,November,21898.0,21806.0
bell,12,December,21832.0,21481.0
blanco,1,January,270.0,294.0
blanco,2,February,265.0,284.0
blanco,3,March,276.0,283.0
blanco,4,April,274.0,283.0
blanco,5,May,266.0,284.0
blanco,6,June,268.0,279.0
blanco,7,July,274.0,278.0
blanco,8,August,270.0,276.5
blanco,9,September,266.0,275.0
blanco,10,October,277.0,276.0
blanco,11,November,288.0,277.0
blanco,12,December,289.0,284.0
burnet,1,January,1465.0,1643.0
burnet,2,February,1481.0,1636.0
burnet,3,March,1480.0,1660.0
burnet,4,April,1478.0,1651.0
burnet,5,May,1462.0,1637.0
burnet,6,June,1468.0,1619.0
burnet,7,July,1469.0,1618.0
burnet,8,August,1510.5,1639.0
burnet,9,September,1552.0,1660.0
burnet,10,October,1599.5,1639.0
burnet,11,November,1647.0,1618.0
burnet,12,December,1625.0,1597.0
caldwell,1,January,2291.0,2712.0
caldwell,2,February,2299.0,2692.0
caldwell,3,March,2329.0,2676.0
caldwell,4,April,2356.0,2677.0
caldwell,5,May,2354.0,2694.0
caldwell,6,June,2369.0,2656.0
caldwell,7,July,2418.0,2679.0
caldwell,8,August,2507.0,2714.5
caldwell,9,September,2596.0,2750.0
caldwell,10,October,2654.5,2707.5
caldwell,11,November,2713.0,2665.0
caldwell,12,December,2699.0,2620.0
coryell,1,January,3169.0,3576.0
coryell,2,February,3123.0,3576.0
coryell,3,March,3109.0,3566.0
coryell,4,April,3142.0,3553.0
coryell,5,May,3114.0,3531.0
coryell,6,June,3135.0,3469.0
coryell,7,July,3209.0,3528.0
coryell,8,August,3303.5,3550.5
coryell,9,September,3398.0,3573.0
coryell,10,October,3477.5,3492.0
coryell,11,November,3557.0,3411.0
coryell,12,December,3553.0,3332.0
falls,1,January,1205.0,1264.0
falls,2,February,1207.0,1241.0
falls,3,March,1207.0,1237.0
falls,4,April,1200.0,1227.0
falls,5,May,1177.0,1223.0
falls,6,June,1185.0,1218.0
falls,7,July,1196.0,1214.0
falls,8,August,1213.5,1224.5
falls,9,September,1231.0,1235.0
falls,10,October,1248.0,1230.5
falls,11,November,1265.0,1226.0
falls,12,December,1262.0,1165.0
fayette,1,January,781.0,814.0
fayette,2,February,796.0,792.0
fayette,3,March,798.0,778.0
fayette,4,April,801.0,787.0
fayette,5,May,810.0,772.0
fayette,6,June,797.0,754.0
fayette,7,July,802.0,754.0
fayette,8,August,818.0,762.5
fayette,9,September,834.0,771.0
fayette,10,October,833.5,768.5
fayette,11,November,833.0,766.0
fayette,12,December,812.0,753.0
freestone,1,January,1039.0,1155.0
freestone,2,February,1039.0,1156.0
freestone,3,March,1032.0,1144.0
freestone,4,April,1043.0,1117.0
freestone,5,May,1048.0,1109.0
freestone,6,June,1061.0,1093.0
freestone,7,July,1068.0,1096.0
freestone,8,August,1104.5,1111.0
freestone,9,September,1141.0,1126.0
freestone,10,October,1157.5,1107.0
freestone,11,November,1174.0,1088.0
freestone,12,December,1142.0,1058.0
gillespie,1,January,442.0,522.0
gillespie,2,February,437.0,522.0
gillespie,3,March,435.0,520.0
gillespie,4,April,425.0,525.0
gillespie,5,May,445.0,524.0
gillespie,6,June,459.0,526.0
gillespie,7,July,472.0,532.0
gillespie,8,August,486.5,540.5
gillespie,9,September,501.0,549.0
gillespie,10,October,510.0,533.5
gillespie,11,November,519.0,518.0
gillespie,12,December,525.0,495.0
hays,1,January,6066.0,7036.0
hays,2,February,6037.0,6974.0
hays,3,March,6026.0,6995.0
hays,4,April,6104.0,7004.0
hays,5,May,6099.0,7038.0
hays,6,June,6079.0,7012.0
hays,7,July,6119.0,7075.0
hays,8,August,6302.0,7173.5
hays,9,September,6485.0,7272.0
hays,10,October,6682.0,7176.0
hays,11,November,6879.0,7080.0
hays,12,December,6891.0,6930.0
lampasas,1,January,954.0,1094.0
lampasas,2,February,949.0,1098.0
lampasas,3,March,949.0,1084.0
lampasas,4,April,970.0,1077.0
lampasas,5,May,977.0,1066.0
lampasas,6,June,978.0,1034.0
lampasas,7,July,985.0,1057.0
lampasas,8,August,1012.5,1069.0
lampasas,9,September,1040.0,1081.0
lampasas,10,October,1058.0,1068.0
lampasas,11,November,1076.0,1055.0
lampasas,12,December,1077.0,1053.0
lee,1,January,796.0,810.0
lee,2,February,797.0,813.0
lee,3,March,808.0,806.0
lee,4,April,831.0,813.0
lee,5,May,812.0,819.0
lee,6,June,808.0,812.0
lee,7,July,813.0,816.0
lee,8,August,816.0,830.0
lee,9,September,819.0,844.0
lee,10,October,820.5,833.0
lee,11,November,822.0,822.0
lee,12,December,809.0,808.0
limestone,1,January,1451.0,1611.0
limestone,2,February,1428.0,1631.0
limestone,3,March,1412.0,1605.0
limestone,4,April,1400.0,1572.0
limestone,5,May,1414.0,1556.0
limestone,6,June,1460.0,1540.0
limestone,7,July,1501.0,1552.0
limestone,8,August,1554.0,1551.0
limestone,9,September,1607.0,1550.0
limestone,10,October,1618.0,1518.5
limestone,11,November,1629.0,1487.0
limestone,12,December,1614.0,1466.0
llano,1,January,856.0,1012.0
llano,2,February,861.0,1005.0
llano,3,March,862.0,994.0
llano,4,April,870.0,980.0
llano,5,May,885.0,987.0
llano,6,June,875.0,990.0
llano,7,July,870.0,999.0
llano,8,August,907.5,1007.5
llano,9,September,945.0,1016.0
llano,10,October,974.0,1002.5
llano,11,November,1003.0,989.0
llano,12,December,1009.0,982.0
mclennan,1,January,13898.0,14838.0
mclennan,2,February,13942.0,14879.0
mclennan,3,March,13933.0,14833.0
mclennan,4,April,13935.0,14874.0
mclennan,5,May,13887.0,14702.0
mclennan,6,June,13961.0,14504.0
mclennan,7,July,14167.0,14768.0
mclennan,8,August,14409.5,14851.5
mclennan,9,September,14652.0,14935.0
mclennan,10,October,14809.5,14697.0
mclennan,11,November,14967.0,14459.0
mclennan,12,December,14869.0,14190.0
milam,1,January,1620.0,1725.0
milam,2,February,1619.0,1719.0
milam,3,March,1618.0,1713.0
milam,4,April,1618.0,1693.0
milam,5,May,1577.0,1689.0
milam,6,June,1564.0,1636.0
milam,7,July,1581.0,1644.0
milam,8,August,1613.0,1653.0
milam,9,September,1645.0,1662.0
milam,10,October,1681.0,1613.5
milam,11,November,1717.0,1565.0
milam,12,December,1709.0,1543.0
mills,1,January,176.0,208.0
mills,2,February,184.0,208.0
mills,3,March,182.0,200.0
mills,4,April,183.0,207.0
mills,5,May,186.0,205.0
mills,6,June,191.0,204.0
mills,7,July,192.0,204.0
mills,8,August,201.0,199.0
mills,9,September,210.0,194.0
mills,10,October,209.5,191.5
mills,11,November,209.0,189.0
mills,12,December,205.0,185.0
san saba,1,January,277.0,325.0
san saba,2,February,277.0,324.0
san saba,3,March,269.0,316.0
san saba,4,April,273.0,319.0
san saba,5,May,274.0,300.0
san saba,6,June,277.0,307.0
san saba,7,July,280.0,298.0
san saba,8,August,291.0,292.0
san saba,9,September,302.0,286.0
san saba,10,October,311.5,276.5
san saba,11,November,321.0,267.0
san saba,12,December,321.0,260.0
travis,1,January,36788.0,44120.0
travis,2,February,36969.0,44140.0
travis,3,March,37142.0,44127.0
travis,4,April,37512.0,43932.0
travis,5,May,37733.0,43661.0
travis,6,June,37829.0,43339.0
travis,7,July,38314.0,43991.0
travis,8,August,39806.5,44283.5
travis,9,September,41299.0,44576.0
travis,10,October,42503.5,43909.0
travis,11,November,43708.0,43242.0
travis,12,December,43819.0,42265.0
williamson,1,January,10908.0,13290.0
williamson,2,February,10988.0,13315.0
williamson,3,March,11043.0,13333.0
williamson,4,April,11152.0,13338.0
williamson,5,May,11227.0,13208.0
williamson,6,June,11299.0,13159.0
williamson,7,July,11432.0,13305.0
williamson,8,August,11860.0,13397.5
williamson,9,September,12288.0,13490.0
williamson,10,October,12729.0,13279.5
williamson,11,November,13170.0,13069.0
williamson,12,December,13205.0,12846.0
