county,census_tract,population_size,food_insecure_population_percent,food_insecure_population
Bastrop,9501.01,6444,0.1402996116,904.0906971504
Bastrop,9501.02,4630,0.1300682449,602.215973887
Bastrop,9502.01,3274,0.1904734946,623.6102213204
Bastrop,9502.02,5952,0.1924896664,1145.6984944128
Bastrop,9503.01,5519,0.1580022637,872.0144933603
Bastrop,9503.02,5024,0.1689209932,848.6590698368
Bastrop,9503.03,8216,0.1669405675,1371.58370258
Bastrop,9504.01,5612,0.1625976559,912.4980449108
Bastrop,9504.02,2699,0.1169749857,315.7154864043
Bastrop,9504.03,4288,0.1415907937,607.1413233856
Bastrop,9505.03,3929,0.1017613534,399.8203575086
Bastrop,9505.04,3462,0.1084372277,375.4096822974
Bastrop,9505.05,4959,0.1754201738,869.9086418742
Bastrop,9505.06,5415,0.1349738247,730.8832607505
Bastrop,9506.01,3770,0.1259307505,474.758929385
Bastrop,9506.02,2176,0.1374928958,299.1845412608
Bastrop,9507,4402,0.1550445178,682.5059673556
Bastrop,9508.03,2572,0.1813360845,466.396409334
Bastrop,9508.04,6006,0.1910018612,1147.1571783672
Bastrop,9508.05,6588,0.1656382985,1091.225110518
Bastrop,9508.06,3498,0.1223118868,427.8469800264
Bell,201.01,3341,0.1716551221,573.4997629361
Bell,201.02,3496,0.1224271124,428.0051849504
Bell,202.01,8328,0.1108405991,923.0805093048
Bell,202.03,4118,0.1043374454,429.6616001572
Bell,202.04,3681,0.1382742899,508.9876611219
Bell,203.01,9802,0.1452047183,1423.2966487766
Bell,203.02,4922,0.1472350994,724.6911592468
Bell,204.01,3822,0.2343689533,895.7581395126
Bell,204.02,3181,0.2279130327,724.9913570187
Bell,205,3704,0.2021433635,748.739018404
Bell,206,2885,0.1765252623,509.2753817355
Bell,207.01,1308,0.3967606219,518.9628934452
Bell,207.02,1644,0.3105866851,510.6045103044
Bell,208,3018,0.3195376181,964.3645314258
Bell,209,3275,0.3243644054,1062.293427685
Bell,210,3769,0.2783642826,1049.1549811194
Bell,211.01,3032,0.1986735978,602.3783485296
Bell,211.02,3054,0.2144616786,654.9659664444
Bell,212.01,3770,0.2249444301,848.040501477
Bell,212.02,3757,0.1707896492,641.6567120444
Bell,212.03,5045,0.1854380696,935.535061132
Bell,213.01,6172,0.2297224404,1417.8469021488
Bell,213.02,2615,0.1182041459,309.1038415285
Bell,213.04,5349,0.2252662937,1204.9494050013
Bell,213.05,6238,0.1072843104,669.2395282752
Bell,214,4988,0.1389951107,693.3076121716
Bell,215.01,3808,0.2498215345,951.320403376
Bell,215.02,4306,0.137349577,591.427278562
Bell,216.01,6112,0.1890056538,1155.2025560256
Bell,216.02,3058,0.2259473496,690.9469950768
Bell,217.01,6485,0.1302384789,844.5965356665
Bell,217.02,4057,0.1838262911,745.7832629927
Bell,218.01,5667,0.1790168439,1014.4884543813
Bell,218.02,5604,0.1546654137,866.7449783748
Bell,219.01,3727,0.2335373618,870.3937474286
Bell,219.05,3803,0.1875032152,713.0747274056
Bell,219.06,4926,0.1590646428,783.5524304328
Bell,219.07,6710,0.2372899188,1592.215355148
Bell,219.08,6648,0.178989214,1189.920294672
Bell,220.01,4640,0.2807500592,1302.680274688
Bell,220.02,5297,0.1929605243,1022.1118972171
Bell,221.01,4006,0.2772442505,1110.640467503
Bell,221.03,5953,0.2699593103,1607.0677742159
Bell,221.04,4282,0.2859758508,1224.5485931256
Bell,221.05,2195,0.2673311801,586.7919403195
Bell,222,4603,0.246519079,1134.727320637
Bell,223,4042,0.3360943257,1358.4932644794
Bell,224.01,6151,0.2358425985,1450.6678233735
Bell,224.02,7868,0.1607057669,1264.4329739692
Bell,224.03,4557,0.1827084355,832.6023405735
Bell,224.05,2477,0.2387176977,591.3037372029
Bell,224.06,4414,0.1484845818,655.4109440652
Bell,224.07,3537,0.154322183,545.837561271
Bell,225.01,3401,0.274280421,932.827711821
Bell,225.03,4408,0.2199549681,969.5614993848
Bell,225.04,7909,0.1574963444,1245.6385878596
Bell,226,4261,0.2965520923,1263.6084652903
Bell,228.01,2413,0.3485595635,841.0742267255
Bell,229,3981,0.3144143876,1251.6836770356
Bell,230.01,6002,0.1825409832,1095.6109811664
Bell,230.02,3670,0.1985313366,728.610005322
Bell,231.03,4744,0.277246916,1315.259369504
Bell,231.04,2843,0.251683734,715.536855762
Bell,231.09,3440,0.2079223163,715.252768072
Bell,231.1,3791,0.395706881,1500.124785871
Bell,231.11,5368,0.2314495905,1242.421401804
Bell,231.12,4442,0.2092314931,929.4062923502
Bell,231.13,4679,0.2439571096,1141.4753158184
Bell,231.14,4547,0.2218678635,1008.8331753345
Bell,231.15,5899,0.2863917052,1689.4246689748
Bell,231.16,6356,0.1945929741,1236.8329433796
Bell,231.17,5097,0.1971567373,1004.9078900181
Bell,231.18,7050,0.1820853334,1283.70160047
Bell,232.01,1260,0.2070803637,260.921258262
Bell,232.02,4605,0.2535990648,1167.823693404
Bell,232.03,1856,0.2346496427,435.5097368512
Bell,232.04,4032,0.2115408045,852.932523744
Bell,233.01,5493,0.1330324624,730.7473159632
Bell,233.02,3942,0.156762374,617.957278308
Bell,234.02,5726,0.1439611815,824.321725269
Bell,234.04,4986,0.1332464401,664.3667503386
Bell,234.05,3368,0.1218280859,410.3169933112
Bell,234.06,3871,0.1110999192,430.0677872232
Bell,235,1973,0.3570997639,704.5578341747
Bell,9800.01,161,0.1769158466,28.4834513026
Bell,9800.02,0,0.16492,0
Bell,9800.03,0,0.16492,0
Blanco,9501.01,2842,0.1422757664,404.3477281088
Blanco,9501.02,2023,0.1068624921,216.1828215183
Blanco,9502.01,3433,0.1383917655,475.0989309615
Blanco,9502.02,3310,0.1277336453,422.798365943
Burnet,9601.01,5425,0.1395947554,757.301548045
Burnet,9601.02,2683,0.1082814275,290.5190699825
Burnet,9602,3275,0.1235736785,404.7037970875
Burnet,9603.01,2564,0.2070372414,530.8434869496
Burnet,9603.02,4667,0.1171608924,546.7898848308
Burnet,9604.01,3220,0.1272626096,409.785602912
Burnet,9604.02,3004,0.1379799747,414.4918439988
Burnet,9605.01,3960,0.1522859788,603.052476048
Burnet,9605.02,2119,0.1173831684,248.7349338396
Burnet,9606,4371,0.1111504074,485.8384307454
Burnet,9607.01,3020,0.1650101656,498.330700112
Burnet,9607.02,4366,0.1931807874,843.4273177884
Burnet,9608.01,2830,0.1361930596,385.426358668
Burnet,9608.02,2560,0.1226656232,314.023995392
Burnet,9608.03,1620,0.1115968121,180.786835602
Caldwell,9601.02,5493,0.1510595704,829.7702202072
Caldwell,9601.03,6099,0.1908185322,1163.8022278878
Caldwell,9601.04,2532,0.1556087492,394.0013529744
Caldwell,9602,5869,0.2441259422,1432.7751547718
Caldwell,9603,4381,0.1424900242,624.2487960202
Caldwell,9604,4455,0.2122386984,945.523401372
Caldwell,9605.01,5378,0.2226811392,1197.5791666176
Caldwell,9605.02,3192,0.1539986898,491.5638178416
Caldwell,9606,2722,0.1156620973,314.8322288506
Caldwell,9607.01,3119,0.2246777808,700.7699983152
Caldwell,9607.02,2901,0.1755727784,509.3366301384
Coryell,101.01,5022,0.1432009085,719.154962487
Coryell,101.02,4007,0.1417980731,568.1848789117
Coryell,102.01,8525,0.2167995531,1848.2161901775
Coryell,102.02,5144,0.1819428644,935.9140944736
Coryell,103,2349,0.193548469,454.645353681
Coryell,104,4255,0.1543347206,656.694236153
Coryell,105.01,2780,0.2373943998,659.956431444
Coryell,105.02,3468,0.2583223552,895.8619278336
Coryell,105.03,5606,0.180515355,1011.96908013
Coryell,105.04,2226,0.2667317497,593.7448748322
Coryell,106.01,4125,0.2472327716,1019.83518285
Coryell,106.03,6853,0.1805917755,1237.5954375015
Coryell,106.04,7082,0.1561134679,1105.5955796678
Coryell,107.01,4684,0.1696527532,794.6534959888
Coryell,107.02,2597,0.2185452745,567.5620778765
Coryell,108.02,6663,0.1712748438,1141.2042842394
Coryell,108.03,2573,0.1455986501,374.6253267073
Coryell,108.04,4279,0.1925515871,823.9282412009
Coryell,9800,689,0.1855539903,127.8466993167
Falls,2,3364,0.2105757692,708.3768875888
Falls,3,3429,0.2659732822,912.0223846638
Falls,4,1948,0.343777783,669.679121284
Falls,5,2272,0.1224360309,278.1746622048
Falls,7,2763,0.1479751535,408.8553491205
Falls,8,3237,0.1621546232,524.8945152984
Fayette,9701,2038,0.1310682398,267.1170727124
Fayette,9702,2255,0.1030538192,232.386362296
Fayette,9703.01,1255,0.1071501763,134.4734712565
Fayette,9703.02,4477,0.181075493,810.674982161
Fayette,9704,3580,0.1195182107,427.875194306
Fayette,9705,4430,0.1514506368,670.926321024
Fayette,9706.01,776,0.0938417758,72.8212180208
Fayette,9706.02,3877,0.18297722,709.40268194
Fayette,9707,1876,0.1116848457,209.5207705332
Freestone,1.01,2841,0.1290784031,366.7117432071
Freestone,1.02,1519,0.2317352633,352.0058649527
Freestone,2,1537,0.1803582327,277.2106036599
Freestone,3,1022,0.2324222089,237.5354974958
Freestone,4,3055,0.1864596791,569.6343196505
Freestone,6,4903,0.1815176279,889.9809295937
Freestone,7,2691,0.187115884,503.528843844
Freestone,9,2031,0.1532534144,311.2576846464
Gillespie,9501,4301,0.1284725409,552.5603984109
Gillespie,9502,3892,0.1216429661,473.4344240612
Gillespie,9503.01,1922,0.1402527698,269.5658235556
Gillespie,9503.02,5114,0.1114740157,570.0781162898
Gillespie,9504.01,2675,0.1499980557,401.2447989975
Gillespie,9504.02,4262,0.1468272781,625.7778592622
Gillespie,9505,4787,0.1596362568,764.1787613016
Hays,101,2825,0.2127090393,600.9030360225
Hays,102,5988,0.2057297868,1231.9099633584
Hays,103.02,5121,0.2514955236,1287.9085763556
Hays,103.05,5420,0.2374686312,1287.079981104
Hays,103.06,4612,0.2655694288,1224.8062056256
Hays,103.07,2421,0.2720872365,658.7231995665
Hays,103.08,1829,0.2661779548,486.8394793292
Hays,103.09,4331,0.2748945796,1190.5684242476
Hays,104.01,5213,0.2142017866,1116.6339135458
Hays,104.02,8183,0.2071467173,1695.0815876659
Hays,105,5349,0.2294101137,1227.1146981813
Hays,106.01,3952,0.2290533337,905.2187747824
Hays,106.02,4961,0.1277118751,633.5786123711
Hays,106.03,3559,0.1301685901,463.2700121659
Hays,107.02,2821,0.1797583876,507.0984114196
Hays,107.03,5547,0.1890827345,1048.8419282715
Hays,107.04,2174,0.2052951049,446.3115580526
Hays,108.06,5430,0.09606975,521.6587425
Hays,108.07,3493,0.0822024163,287.1330401359
Hays,108.09,7948,0.0891844627,708.8381095396
Hays,108.1,2506,0.1200734797,300.9041401282
Hays,108.11,3350,0.2364997928,792.27430588
Hays,108.12,5059,0.0883485263,446.9551945517
Hays,108.13,2514,0.0870373631,218.8119308334
Hays,108.14,2957,0.1327643399,392.5841530843
Hays,108.15,2127,0.0735101145,156.3560135415
Hays,108.16,12293,0.0903773124,1111.0083013332
Hays,108.17,3913,0.1044943615,408.8864365495
Hays,108.18,1711,0.0956702552,163.6918066472
Hays,109.05,10369,0.1246311707,1292.3006089883
Hays,109.09,9848,0.1595519031,1571.2671417288
Hays,109.11,3000,0.0841509832,252.4529496
Hays,109.12,8273,0.0866572488,716.9154193224
Hays,109.13,6403,0.1867131046,1195.5240087538
Hays,109.14,2958,0.0807738719,238.9291130802
Hays,109.15,8351,0.0990010032,826.7573777232
Hays,109.16,8003,0.1416483634,1133.6118522902
Hays,109.17,5577,0.1534870318,855.9971763486
Hays,109.18,5390,0.1275376278,687.427813842
Hays,109.19,9452,0.2118857709,2002.7443065468
Hays,109.2,2807,0.175381098,492.294742086
Hays,109.21,5234,0.2112043716,1105.4436809544
Hays,109.22,11793,0.1508525558,1779.0041905494
Hays,109.23,9787,0.1512323165,1480.1106815855
Hays,109.24,4853,0.1393875467,676.4477641351
Hays,109.25,5646,0.1945802189,1098.5999159094
Lampasas,9501,2976,0.1335015211,397.3005267936
Lampasas,9503.02,3631,0.1293469245,469.6586828595
Lampasas,9503.03,4329,0.1273697913,551.3838265377
Lampasas,9503.04,2635,0.1336705493,352.2218974055
Lampasas,9504,3903,0.2494594097,973.6400760591
Lampasas,9505,4355,0.1724633901,751.0780638855
Lee,1,5226,0.1130307034,590.6984559684
Lee,2,2402,0.1746923257,419.6109663314
Lee,3,3122,0.1535417261,479.3572688842
Lee,4,6793,0.2077360317,1411.1508633381
Limestone,9701,2131,0.1853214065,394.9199172515
Limestone,9702,3765,0.1847142923,695.4493105095
Limestone,9703,2416,0.295799882,714.652514912
Limestone,9704,1657,0.2407544692,398.9301554644
Limestone,9705,1929,0.237911847,458.931952863
Limestone,9706,5663,0.1868750262,1058.2732733706
Limestone,9707,1513,0.1305688969,197.5507410097
Limestone,9708,3148,0.1354930463,426.5321097524
Llano,9701,3067,0.1245016311,381.8465025837
Llano,9702,3448,0.1829756117,630.8999091416
Llano,9703,2176,0.1009643711,219.6984715136
Llano,9704.01,1714,0.0830618154,142.3679515956
Llano,9704.02,2486,0.111766236,277.850862696
Llano,9705.01,3038,0.1576569171,478.9617141498
Llano,9705.02,4037,0.1873091516,756.1670450092
Llano,9706,1671,0.1554598525,259.7734135275
McLennan,1,1887,0.2845314209,536.9107912383
McLennan,2,4151,0.2454733526,1018.9598866426
McLennan,3,4112,0.1653145742,679.7735291104
McLennan,4.01,1794,0.2637521887,473.1714265278
McLennan,4.02,4354,0.2524196633,1099.0352140082
McLennan,5.98,5398,0.2275098749,1228.0983047102
McLennan,7,2999,0.2031390692,609.2140685308
McLennan,8,3063,0.2556817733,783.1532716179
McLennan,9,5185,0.2110049436,1094.060632566
McLennan,10,2420,0.2839459078,687.149096876
McLennan,11,5867,0.3267588714,1917.0942985038
McLennan,12,3130,0.3513123627,1099.607695251
McLennan,13,2408,0.2140433408,515.4163646464
McLennan,14.01,2375,0.3703301005,879.5339886875
McLennan,14.02,5097,0.4293166367,2188.2268972599
McLennan,15,2059,0.305459278,628.940653402
McLennan,16,6619,0.2474453405,1637.8407087695
McLennan,17,6508,0.2036641707,1325.4464229156
McLennan,18,3196,0.1918747596,613.2317316816
McLennan,19,6274,0.2954181608,1853.4535408592
McLennan,20,4423,0.1425040346,630.2953450358
McLennan,21,6345,0.2817547648,1787.733982656
McLennan,23.02,4362,0.2861422763,1248.1526092206
McLennan,24.98,5049,0.1766806677,892.0606912173
McLennan,25.01,4477,0.2076888534,929.8229966718
McLennan,25.03,5208,0.1106616602,576.3259263216
McLennan,25.04,4487,0.101247477,454.297429299
McLennan,26,6252,0.1265202781,791.0047786812
McLennan,27,3574,0.2523612127,901.9389741898
McLennan,28,4086,0.167603408,684.827525088
McLennan,29,4336,0.1019981359,442.2639172624
McLennan,30,3714,0.2123295553,788.5919683842
McLennan,32,4600,0.2338248828,1075.59446088
McLennan,33,2199,0.3111167402,684.1457116998
McLennan,34.01,1129,0.1322050455,149.2594963695
McLennan,34.02,5591,0.1490750068,833.4783630188
McLennan,35,4500,0.1546257372,695.8158174
McLennan,36.01,3164,0.2045853668,647.3081005552
McLennan,36.02,2980,0.1523062966,453.872763868
McLennan,37.01,2845,0.1471889924,418.752683378
McLennan,37.03,5961,0.1328740426,792.0621679386
McLennan,37.08,9137,0.1170347085,1069.3461315645
McLennan,37.09,7616,0.1396907995,1063.885128992
McLennan,37.1,5230,0.1007967094,527.166790162
McLennan,37.11,6799,0.1861431877,1265.5875331723
McLennan,37.12,3672,0.1014350391,372.4694635752
McLennan,38.01,6588,0.1030554763,678.9294778644
McLennan,38.02,6437,0.1812104433,1166.4516235221
McLennan,39.01,3479,0.1255713583,436.8627555257
McLennan,39.02,7586,0.1572732165,1193.074620369
McLennan,40,5584,0.0929871811,519.2404192624
McLennan,41.02,6607,0.1006878861,665.2448634627
McLennan,41.04,3938,0.1021963723,402.4493141174
McLennan,41.05,5964,0.139605034,832.604422776
McLennan,42.01,3245,0.175039913,568.004517685
McLennan,42.02,3405,0.1249957532,425.610539646
McLennan,43,7625,0.2159005587,1646.2417600875
McLennan,9800,0,0.16492,0
Milam,9501,2254,0.1844536358,415.7584950932
Milam,9503,3852,0.1361211351,524.3386124052
Milam,9504.01,3120,0.2138652051,667.259439912
Milam,9504.02,3559,0.2254466658,802.3646835822
Milam,9505,3560,0.1397906682,497.654778792
Milam,9507,5757,0.1846531552,1063.0482144864
Milam,9508,2978,0.1655127835,492.897069263
Mills,9501,1810,0.1433315716,259.430144596
Mills,9502,2691,0.1336888152,359.7566017032
San Saba,9501,2773,0.1787410822,495.6490209406
San Saba,9502,3006,0.1622747426,487.7978762556
Travis,1.01,4494,0.1022654406,459.5808900564
Travis,1.02,2155,0.0780871622,168.277834541
Travis,2.03,3020,0.1980388181,598.077230662
Travis,2.04,2593,0.1273340029,330.1770695197
Travis,2.05,4549,0.1568872975,713.6803163275
Travis,2.06,3906,0.1641197188,641.0516216328
Travis,3.02,5474,0.1931062576,1057.0636541024
Travis,3.04,3054,0.1506843257,460.1899306878
Travis,3.05,3529,0.1451555435,512.2539130115
Travis,3.07,1875,0.111508703,209.078818125
Travis,3.08,2258,0.1530383847,345.5606726526
Travis,3.09,5267,0.12123358,638.53726586
Travis,4.01,4516,0.1692113645,764.158522082
Travis,4.02,3207,0.1953188756,626.3876340492
Travis,5,3931,0.1793079235,704.8594472785
Travis,6.01,10105,0.2926386008,2957.113061084
Travis,6.05,2779,0.2517167334,699.5208021186
Travis,6.06,4553,0.2539333857,1156.1587050921
Travis,6.07,3038,0.2319477538,704.6572760444
Travis,6.08,3627,0.2944127318,1067.8349782386
Travis,7,1321,0.1656917054,218.8787428334
Travis,8.01,2000,0.1712124728,342.4249456
Travis,8.02,3912,0.276599585,1082.05757652
Travis,8.03,3300,0.1503814911,496.25892063
Travis,8.04,2607,0.281254395,733.230207765
Travis,9.01,3171,0.1664684984,527.8716084264
Travis,9.02,6016,0.2190210883,1317.6308672128
Travis,10,3291,0.1639085219,539.4229455729
Travis,11.01,1755,0.2555785478,448.540351389
Travis,11.02,3571,0.1110172896,396.4427411616
Travis,11.03,3522,0.1315415738,463.2894229236
Travis,12,6842,0.1265091049,865.5752957258
Travis,13.04,3966,0.1116016921,442.6123108686
Travis,13.07,5081,0.2072871566,1053.2260426846
Travis,13.08,3191,0.1454790136,464.2235323976
Travis,13.09,2897,0.1020440781,295.6216942557
Travis,13.1,3908,0.1706664818,666.9646108744
Travis,13.11,1379,0.1662289315,229.2296965385
Travis,13.12,4732,0.1593188273,753.8966907836
Travis,14.01,2597,0.1253358663,325.4972447811
Travis,14.02,2200,0.1133438894,249.35655668
Travis,14.03,1477,0.1679782931,248.1039389087
Travis,15.01,5799,0.0857841765,497.4624395235
Travis,15.03,5214,0.1767409827,921.5274837978
Travis,15.04,6729,0.1275631236,858.3722587044
Travis,15.05,4702,0.1217335604,572.3912010008
Travis,16.02,2892,0.1371244278,396.5638451976
Travis,16.03,4390,0.0834128827,366.182555053
Travis,16.04,4111,0.0742848998,305.3852230778
Travis,16.05,4712,0.1159754649,546.4763906088
Travis,16.06,86,0.3366241156,28.9496739416
Travis,19.1,4753,0.1097178562,521.4889705186
Travis,19.11,3018,0.1570191626,473.8838327268
Travis,19.12,4324,0.1028427584,444.6920873216
Travis,19.13,4937,0.0661795091,326.7282364267
Travis,19.14,5926,0.1082910648,641.7328500048
Travis,19.15,3154,0.1646006453,519.1504352762
Travis,19.16,3135,0.0772046502,242.036578377
Travis,19.17,4440,0.0767187693,340.631335692
Travis,19.18,2650,0.0824894347,218.597001955
Travis,19.19,3799,0.0869608591,330.3643037209
Travis,19.2,6857,0.1748946182,1199.2523969974
Travis,19.21,3693,0.0775220432,286.2889055376
Travis,19.22,2123,0.1438976097,305.4946253931
Travis,19.23,3422,0.124679537,426.653375614
Travis,20.02,2793,0.1068815254,298.5201004422
Travis,20.03,3576,0.1948415092,696.7532368992
Travis,20.04,3011,0.2012136493,605.8542980423
Travis,20.06,2363,0.2145340801,506.9440312763
Travis,20.07,2504,0.1376463069,344.6663524776
Travis,21.04,2589,0.1340514513,347.0592074157
Travis,21.05,4818,0.2777554032,1338.2255326176
Travis,21.06,3012,0.1253509916,377.5571866992
Travis,21.07,4884,0.1790548011,874.5036485724
Travis,21.08,4251,0.2322202408,987.1682436408
Travis,21.09,4121,0.1771714195,730.1234197595
Travis,21.1,4037,0.2549860222,1029.3785716214
Travis,21.11,4835,0.1963306589,949.2587357815
Travis,21.12,6244,0.2740080729,1710.9064071876
Travis,21.13,3564,0.156283963,556.996044132
Travis,22.01,2720,0.2677775168,728.354845696
Travis,22.11,4700,0.1759809734,827.11057498
Travis,22.13,4776,0.1922231674,918.0578475024
Travis,22.14,3986,0.1723955896,687.1688201456
Travis,22.15,3646,0.1919044407,699.6835907922
Travis,22.16,9411,0.1557856116,1466.0983907676
Travis,22.17,6160,0.1524362283,939.007166328
Travis,22.18,5019,0.1696738789,851.5931981991
Travis,22.19,6591,0.1786066313,1177.1963068983
Travis,22.2,3342,0.3306199138,1104.9317519196
Travis,22.21,2167,0.223347747,483.994567749
Travis,22.22,3138,0.2432987265,763.471403757
Travis,23.04,3850,0.1781914479,686.037074415
Travis,23.07,4844,0.2144323585,1038.710344574
Travis,23.1,2858,0.2014048982,575.6151990556
Travis,23.13,3730,0.2645512414,986.776130422
Travis,23.14,5527,0.2298460232,1270.3589702264
Travis,23.15,2622,0.2214322953,580.5954782766
Travis,23.16,4563,0.2507640049,1144.2361543587
Travis,23.19,2340,0.4193997419,981.395396046
Travis,23.2,3987,0.2200396081,877.2979174947
Travis,23.21,3837,0.2081075542,798.5086854654
Travis,23.22,2254,0.1965910032,443.1161212128
Travis,23.23,4569,0.2561504525,1170.3514174725
Travis,23.24,1247,0.2323008802,289.6791976094
Travis,23.25,4085,0.2809721025,1147.7710387125
Travis,23.26,903,0.211500734,190.985162802
Travis,23.27,4874,0.3132442539,1526.7524935086
Travis,24.03,2353,0.1565962789,368.4710442517
Travis,24.07,8665,0.1474831162,1277.941201873
Travis,24.09,3360,0.1538633094,516.980719584
Travis,24.1,3816,0.1873622043,714.9741716088
Travis,24.11,5796,0.2988947663,1732.3940654748
Travis,24.12,5173,0.2265118128,1171.7456076144
Travis,24.13,3366,0.3304500767,1112.2949581722
Travis,24.19,3927,0.2536699422,996.1618630194
Travis,24.22,8141,0.1540686543,1254.2729146563
Travis,24.23,6261,0.1348083117,844.0348395537
Travis,24.24,3548,0.2033507173,721.4883449804
Travis,24.3,1962,0.1406838982,276.0218082684
Travis,24.32,5153,0.1620274772,834.9275900116
Travis,24.34,1997,0.1699717048,339.4334944856
Travis,24.36,2727,0.1857219287,506.4636995649
Travis,24.37,4899,0.1576221514,772.1909197086
Travis,24.38,7026,0.1651944636,1160.6563012536
Travis,24.39,2876,0.1299717872,373.7988599872
Travis,24.4,6544,0.1911389235,1250.813115384
Travis,24.41,5581,0.202588898,1130.648639738
Travis,24.42,2935,0.1736417237,509.6384590595
Travis,24.43,4050,0.202719599,821.01437595
Travis,24.44,4230,0.1776633992,751.516178616
Travis,24.45,7136,0.1706583852,1217.8182367872
Travis,24.46,1623,0.1142299392,185.3951913216
Travis,24.47,3288,0.1804497421,593.3187520248
Travis,24.48,7782,0.1581794273,1230.9523032486
Travis,24.49,7203,0.1865053055,1343.3977155165
Travis,24.5,3877,0.1857097889,719.9968515653
Travis,24.51,7535,0.1702342222,1282.714864277
Travis,24.52,3098,0.1647209045,510.305362141
Travis,24.53,5475,0.1587774781,869.3066925975
Travis,25,6052,0.1536908045,930.136748834
Travis,300,4279,0.0862110025,368.8968796975
Travis,301,3494,0.1273228963,444.8661996722
Travis,302,5039,0.1205438361,607.4203901079
Travis,303,4298,0.1517296903,652.1342089094
Travis,304,4451,0.1288064085,573.3173242335
Travis,305,6951,0.1167803239,811.7400314289
Travis,306,5820,0.1283277038,746.867236116
Travis,307,4028,0.0816185966,328.7597071048
Travis,308,4429,0.1513699877,670.4176755233
Travis,309,7581,0.1520661062,1152.8131511022
Travis,310,4342,0.1112649156,483.1122635352
Travis,311,5101,0.1108704087,565.5499547787
Travis,312,6548,0.0904615057,592.3419393236
Travis,313,3918,0.1241117454,486.2698184772
Travis,314,4387,0.1152776459,505.7230325633
Travis,315,7204,0.1168862172,842.0483087088
Travis,316,2237,0.1209393792,270.5413912704
Travis,317,4729,0.1658166514,784.1469444706
Travis,318,4499,0.1920177885,863.8880304615
Travis,319,5231,0.1078843824,564.3432043344
Travis,320,6303,0.1481714818,933.9248497854
Travis,321,5181,0.1558083557,807.2430908817
Travis,322,2047,0.0789033264,161.5151091408
Travis,323,4160,0.1888510049,785.620180384
Travis,324,1537,0.170953363,262.755318931
Travis,325,4638,0.1316467402,610.5775810476
Travis,326,6080,0.076215432,463.38982656
Travis,327,4430,0.0943118408,417.801454744
Travis,328,2738,0.1256546037,344.0423049306
Travis,329,8143,0.0999159794,813.6158202542
Travis,330,7097,0.1323904859,939.5752784323
Travis,331,4853,0.0799861061,388.1725729033
Travis,332,5256,0.1193229734,627.1615481904
Travis,333,9180,0.0888927097,816.035075046
Travis,334,3300,0.1322607893,436.46060469
Travis,335,5532,0.115796459,640.586011188
Travis,336,4217,0.0915989318,386.2726954006
Travis,337,2855,0.0894439724,255.362541202
Travis,338,4479,0.0847004276,379.3732152204
Travis,339,5626,0.0853408026,480.1273554276
Travis,340,6908,0.1134769537,783.8987961596
Travis,341,6570,0.1808585529,1188.240692553
Travis,342,6097,0.1630802559,994.3003202223
Travis,343,4205,0.0681871155,286.7268206775
Travis,344,2370,0.1592341476,377.384929812
Travis,345,2430,0.0868425028,211.027281804
Travis,346,3905,0.1448503944,565.640790132
Travis,347,5191,0.0924888049,480.1093862359
Travis,348,5020,0.0904186877,453.901812254
Travis,349,8788,0.0662901357,582.5577125316
Travis,350,7225,0.1173942212,848.17324817
Travis,351,3789,0.0742044012,281.1604761468
Travis,352,3768,0.1096045956,412.9901162208
Travis,353,1603,0.1029887357,165.0909433271
Travis,354,5327,0.0739267535,393.8078158945
Travis,355,4023,0.0572353257,230.2577152911
Travis,356,2035,0.1005674073,204.6546738555
Travis,357,4591,0.0765479954,351.4318468814
Travis,358,3907,0.1402435685,547.9316221295
Travis,359,2456,0.1008006823,247.5664757288
Travis,360,2053,0.0698993699,143.5034064047
Travis,361,5375,0.0736283477,395.7523688875
Travis,362,2026,0.0678205726,137.4044800876
Travis,363,1747,0.2197659321,383.9310833787
Travis,364,2741,0.0824660971,226.0395721511
Travis,365,6888,0.0720300496,496.1429816448
Travis,366,9152,0.08518676,779.62922752
Travis,367,7370,0.0803916685,592.486596845
Travis,368,4119,0.0718335128,295.8822392232
Travis,369,4204,0.0762904624,320.7251039296
Travis,370,5642,0.1336632834,754.1282449428
Travis,371,2527,0.0925301099,233.8235877173
Travis,372,6481,0.1076064859,697.3976351179
Travis,373,3174,0.122311177,388.215675798
Travis,374,4134,0.1272202398,525.9284713332
Travis,375,1555,0.1089131449,169.3599403195
Travis,376,3863,0.0895622897,345.9791251111
Travis,400,5994,0.2595871054,1555.9651097676
Travis,401,4505,0.2669874418,1202.778425309
Travis,402,3258,0.2789223819,908.7291202302
Travis,403,6670,0.2968795968,1980.186910656
Travis,404,3716,0.1460877614,542.8621213624
Travis,405,6523,0.2411504375,1573.0243038125
Travis,406,3516,0.3053666644,1073.6691920304
Travis,407,7096,0.3576816301,2538.1088471896
Travis,408,5406,0.2180511352,1178.7844368912
Travis,409,6507,0.2587403825,1683.6236689275
Travis,410,7138,0.2461952559,1757.3417366142
Travis,411,1564,0.1314166035,205.535567874
Travis,412,3108,0.1998042268,620.9915368944
Travis,413,4393,0.1265560437,555.9606999741
Travis,414,2838,0.1447586451,410.8250347938
Travis,415,3107,0.2050193873,636.9952363411
Travis,416,8459,0.2416462868,2044.0859400412
Travis,417,2666,0.1287316548,343.1985916968
Travis,418,3947,0.20190655,796.92515285
Travis,419,3283,0.1573025634,516.4243156422
Travis,420,2681,0.0884391829,237.1054493549
Travis,421,4956,0.1636850176,811.2229472256
Travis,422,3941,0.177501631,699.533927771
Travis,423,3858,0.147744071,569.996625918
Travis,424,11382,0.1070063689,1217.9464908198
Travis,425,7105,0.1130584435,803.2802410675
Travis,426,3742,0.2208752316,826.5151166472
Travis,427,4984,0.1312170182,653.9856187088
Travis,428,8274,0.1784313844,1476.3412745256
Travis,429,3241,0.2338031048,757.7558626568
Travis,430,3481,0.2043465061,711.3301877341
Travis,431,2307,0.2297832202,530.1098890014
Travis,432,3350,0.2936245148,983.64212458
Travis,433,4086,0.2643750079,1080.2362822794
Travis,434,5355,0.2599574702,1392.072252921
Travis,435,7129,0.1816222743,1294.7851934847
Travis,436,4599,0.2047704364,941.7392370036
Travis,437,2537,0.2140788677,543.1180873549
Travis,438,3644,0.1464026428,533.4912303632
Travis,439,7551,0.1660286947,1253.6826736797
Travis,440,5366,0.2580091189,1384.4769320174
Travis,441,2852,0.2445225395,697.378282654
Travis,442,5684,0.1998002326,1135.6645220984
Travis,443,6896,0.1923887567,1326.7128662032
Travis,444,5946,0.1590952191,945.9801727686
Travis,445,5274,0.1354327927,714.2725486998
Travis,446,4334,0.155682013,674.725844342
Travis,447,1969,0.1348758519,265.5705523911
Travis,448,4206,0.1610819651,677.5107452106
Travis,449,10977,0.2302768786,2527.7492963922
Travis,450,2437,0.1442917769,351.6390603053
Travis,451,3250,0.1542125999,501.190949675
Travis,452,3930,0.1326027948,521.128983564
Travis,453,4108,0.1865695027,766.4275170916
Travis,454,6281,0.1744250223,1095.5635650663
Travis,455,4594,0.2222616241,1021.0699011154
Travis,456,5088,0.1404629366,714.6754214208
Travis,457,3361,0.1875721495,630.4299944695
Travis,458,4391,0.2252882743,989.2408124513
Travis,459,13357,0.1478470486,1974.7930281502
Travis,460,4823,0.1702537468,821.1338208164
Travis,461,5573,0.1460568275,813.9746996575
Travis,462,7100,0.1454449782,1032.65934522
Travis,463,1936,0.2033245275,393.63628524
Travis,464,3248,0.1447994474,470.3086051552
Travis,465,3455,0.2120326694,732.572872777
Travis,466,11233,0.1166715758,1310.5718109614
Travis,467,3572,0.1228873038,438.9534491736
Travis,468,11450,0.1337156173,1531.043818085
Travis,469,8199,0.104814109,859.370879691
Travis,470,1455,0.0781728814,113.741542437
Travis,9800,0,0.16492,0
Williamson,201.06,3964,0.0972031973,385.3134740972
Williamson,201.08,3277,0.1084021022,355.2336889094
Williamson,201.09,4536,0.0908049005,411.891028668
Williamson,201.11,3815,0.1207945055,460.8310384825
Williamson,201.13,2789,0.2378784693,663.4430508777
Williamson,201.14,5833,0.1992162728,1162.0285192424
Williamson,201.15,6286,0.0980596986,616.4032653996
Williamson,201.16,3449,0.0892554193,307.8419411657
Williamson,201.17,2294,0.0992729495,227.732146153
Williamson,201.18,4300,0.0898241538,386.24386134
Williamson,201.19,2508,0.088341195,221.55971706
Williamson,201.2,6803,0.0993717573,676.0260649119
Williamson,201.21,2814,0.0933460792,262.6758668688
Williamson,201.22,2427,0.0900416992,218.5312039584
Williamson,201.23,3017,0.1319968926,398.2346249742
Williamson,201.24,5828,0.0765935355,446.387124894
Williamson,202.01,1478,0.1366722957,202.0016530446
Williamson,202.03,3371,0.0859064533,289.5906540743
Williamson,202.05,3993,0.1089124461,434.8873972773
Williamson,202.06,2472,0.0937677417,231.7938574824
Williamson,202.07,5720,0.1348628644,771.415584368
Williamson,202.08,2860,0.0928364263,265.512179218
Williamson,203.1,4879,0.1044019447,509.3770881913
Williamson,203.11,9693,0.1672344133,1621.0031681169
Williamson,203.19,8295,0.1159500094,961.805327973
Williamson,203.21,2142,0.1865911328,399.6782064576
Williamson,203.23,3234,0.1756700567,568.1169633678
Williamson,203.25,2428,0.1985981706,482.1963582168
Williamson,203.26,6832,0.094140526,643.168073632
Williamson,203.27,4934,0.1455726995,718.255699333
Williamson,203.29,8904,0.1170871736,1042.5441937344
Williamson,203.3,4174,0.1193009798,497.9622896852
Williamson,203.31,7001,0.1314211666,920.0795873666
Williamson,203.32,3609,0.1177418259,424.9302496731
Williamson,203.33,5565,0.1283700793,714.3794913045
Williamson,203.34,6688,0.1731114044,1157.7690726272
Williamson,203.35,3367,0.1025441945,345.2663028815
Williamson,203.36,4516,0.1595998195,720.752784862
Williamson,203.37,5416,0.0801927782,434.3240867312
Williamson,203.38,5880,0.1128871118,663.776217384
Williamson,203.39,2995,0.1479984772,443.255439214
Williamson,203.4,2799,0.1276213774,357.2122353426
Williamson,203.41,3924,0.1470176289,576.8971758036
Williamson,203.42,3663,0.0998604542,365.7888437346
Williamson,203.43,2960,0.1620911728,479.789871488
Williamson,203.44,5047,0.1520354019,767.3226733893
Williamson,203.45,8638,0.0832717542,719.3014127796
Williamson,203.46,1466,0.1588673616,232.8995521056
Williamson,203.47,2893,0.1346491338,389.5399440834
Williamson,203.48,2514,0.1385231124,348.2471045736
Williamson,203.49,3534,0.1341975698,474.2542116732
Williamson,203.5,6982,0.1103369781,770.3727810942
Williamson,203.51,4837,0.1131146578,547.1355997786
Williamson,203.52,2461,0.1391869289,342.5390320229
Williamson,203.53,3242,0.1237130536,401.0777197712
Williamson,203.54,4024,0.1162519903,467.7980089672
Williamson,203.55,3276,0.112987849,370.148193324
Williamson,203.56,2906,0.1465476922,425.8675935332
Williamson,204.03,2493,0.1293703601,322.5203077293
Williamson,204.04,4090,0.1139305491,465.975945819
Williamson,204.05,7493,0.1599661013,1198.6259970409
Williamson,204.06,7006,0.1876967944,1315.0037415664
Williamson,204.08,5090,0.1619786803,824.471482727
Williamson,204.09,6046,0.1431141143,865.2679350578
Williamson,204.1,5705,0.1307755078,746.074271999
Williamson,204.11,5834,0.1205880559,703.5107181206
Williamson,205.03,5813,0.1201207571,698.2619610223
Williamson,205.05,3168,0.0728892236,230.9130603648
Williamson,205.07,3826,0.1311663274,501.8423686324
Williamson,205.08,4618,0.1578941762,729.1553056916
Williamson,205.09,7396,0.1004775732,743.1321313872
Williamson,205.11,3835,0.186739545,716.146155075
Williamson,205.12,3495,0.1951980959,682.2173451705
Williamson,205.13,3488,0.2079738237,725.4126970656
Williamson,205.14,4257,0.0986366025,419.8960168425
Williamson,205.15,3964,0.1162249905,460.715862342
Williamson,205.16,6009,0.0755705945,454.1037023505
Williamson,205.17,6566,0.1121871106,736.6205681996
Williamson,206.02,4738,0.1398030162,662.3866907556
Williamson,206.04,9742,0.1043715866,1016.7879966572
Williamson,206.06,4136,0.0791704671,327.4490519256
Williamson,206.07,7097,0.0807940744,573.3955460168
Williamson,206.08,6477,0.0944927338,612.0294368226
Williamson,206.09,2382,0.0742090718,176.7660090276
Williamson,207.01,2868,0.2271890956,651.5783261808
Williamson,207.04,7057,0.2110434394,1489.3335518458
Williamson,207.06,4936,0.0889376862,438.9964190832
Williamson,207.07,6467,0.1816816756,1174.9353961052
Williamson,207.09,4058,0.1769217412,717.9484257896
Williamson,207.1,3322,0.2177989474,723.5281032628
Williamson,207.11,4237,0.106415459,450.882299783
Williamson,207.12,4943,0.1767784662,873.8159584266
Williamson,207.13,3607,0.1278258236,461.0677457252
Williamson,208.08,1930,0.1689056671,325.987937503
Williamson,208.1,6601,0.1290921469,852.1372616869
Williamson,208.11,3878,0.1311449782,508.5802254596
Williamson,208.12,5687,0.157444648,895.387713176
Williamson,208.13,8501,0.1326070721,1127.2927199221
Williamson,208.14,4903,0.0911336049,446.8280648247
Williamson,208.15,1859,0.0859814584,159.8395311656
Williamson,208.16,5859,0.1384123354,810.9578731086
Williamson,208.17,5935,0.1258641832,747.003927292
Williamson,208.18,9103,0.0998334391,908.7837961273
Williamson,208.19,1464,0.0919308034,134.5866961776
Williamson,208.2,7992,0.1324900223,1058.8602582216
Williamson,208.21,2908,0.1371412502,398.8067555816
Williamson,208.22,4571,0.1389916084,635.3306419964
Williamson,209,4924,0.1530348823,753.5437604452
Williamson,210,2978,0.2537645351,755.7107855278
Williamson,211,2874,0.2509065001,721.1052812874
Williamson,212.01,2851,0.1174942911,334.9762239261
Williamson,212.02,4229,0.1518722716,642.2678365964
Williamson,212.03,2795,0.2054215642,574.153271939
Williamson,213,3391,0.1609030256,545.6221598096
Williamson,214.02,4196,0.2253752439,945.6745234044
Williamson,214.04,5357,0.1383727565,741.2628565705
Williamson,214.05,7120,0.1439289631,1024.774217272
Williamson,214.06,4745,0.1494194884,708.995472458
Williamson,214.07,5058,0.1265718845,640.200591801
Williamson,215.02,4561,0.1912205341,872.1568560301
Williamson,215.03,4688,0.2197528041,1030.2011456208
Williamson,215.06,3577,0.1283892322,459.2482835794
Williamson,215.09,5082,0.1195442084,607.5236670888
Williamson,215.1,6906,0.1395288256,963.5860695936
Williamson,215.11,2073,0.1361082225,282.1523452425
Williamson,215.12,4622,0.1575088345,728.005833059
Williamson,215.13,3573,0.2405005594,859.3084987362
Williamson,215.14,4193,0.1752846149,734.9683902757
Williamson,215.15,4888,0.1481060935,723.942585028
Williamson,215.16,2017,0.1612545459,325.2504190803
Williamson,215.17,3559,0.1639617028,583.5397002652
Williamson,215.18,3984,0.1595322274,635.5763939616
Williamson,216.01,9777,0.1447095712,1414.8254776224
Williamson,216.02,3343,0.1231375175,411.6487210025
Williamson,216.03,3033,0.1152380293,349.5169428669
